claim_id,location,statement,support_type,configuration,public_artifact,qualification
C01,report 2,BCM43455c0 MFG and host module identities are configuration-specific,saved_audit,all four runs,evidence/runs.json,Chip names alone do not establish compatibility
C02,report 3; appendix C,Collector sample extent is 16384 packed words,source_verified,V26 / six append,paper/implementation-appendix.md,Addresses are image-specific
C03,report 3; appendix E,Publication uses eight 1024-word reusable slots,source_verified,V26 / six append,paper/implementation-appendix.md,Other workspace is additional
C04,report 3; appendix E,Payload and metadata precede sequence publication with barriers,source_verified,V26 / six append,paper/implementation-appendix.md,Integrity checks do not prove RF freshness
C05,report 3; appendix F,Original V26/be069 host reader accepts exact sequence stable metadata two identical copies and checksum,source_verified,original V26 / be069 private reader,tools/frame_protocol.py,Later d437 reader uses one payload copy; offline parser cannot repeat live SDIO stability checks
C06,report 4; appendix D,Six nested signed half-add kernel has ideal weights 1 1 2 2 1 1 over 8,source_verified,six append,tools/frame_protocol.py,Integer intermediate rounding remains part of actual semantics
C07,report 4,Full timing pair is admitted mutated verified and restored,source_verified,sixstream-c,paper/implementation-appendix.md,No universal undocumented clock bit interpretation
C08,report 4,Userspace data frames occupy 4176 bytes,source_verified,publication ABI,tools/frame_protocol.py,Includes 4096 bytes of payload
C09,report 4,Original V26/be069 reader performs at least 8384 data bytes of SDIO reads per accepted frame,source_verified_and_derived,original V26 / be069 private reader,paper/implementation-appendix.md,Later d437 path uses 4288 ordinary read bytes; excludes polling and bus overhead
C10,report 6,Private long B delivered 368640 checked frames and 377487360 words,saved_audit,private-long-b,evidence/runs.json,Nominal selected output; original recording private
C11,report 6,Sixstream C delivered 244160 checked frames and 250019840 words,saved_audit,sixstream-c,evidence/runs.json,Five-minute partial-prefilter operating point
C12,report 6,Cadence uses F minus 1 frame intervals over host receipt span,derived,four selected runs,tools/reproduce_metrics.py,Host delivery timing is not an independent RF clock
C13,report 6; figure 3,300 complete second bins contain 813 or 814 frames,derived_from_real_receipts,sixstream-c,evidence/derived/sixstream-c-delivery.json,Partial terminal window excluded; no waveform payloads
C14,report 5; appendix H,STOP tail compares latest firmware retained slot with stopped aperture,source_verified_and_saved_audit,all four runs,evidence/runs.json,Latest tail can belong to unread suffix rather than last delivered frame
C15,report 6,Sixstream C accounts for one intentional unread suffix block,saved_audit,sixstream-c,evidence/runs.json,Suffix need not reach host
C16,report 6,Sixstream C maximum observed lag 2666 batch copy 20338 renewals 1907,saved_audit,sixstream-c,paper/report.md,Complete-loop maximum is not exported
C17,report 6,Private long B queue reaches 6931 of 8192 during a 5.678687167-second write,saved_audit,private-long-b,evidence/runs.json,Finite buffer reserve and storage workload only
C18,report 5; appendix G,Reader lease and native watchdog are distinct service contracts,source_verified_and_saved_audit,lease-c,paper/implementation-appendix.md,No unlimited reliability inference
C19,report 5; appendix I,Private control admission makes competing controls return EBUSY,source_verified_and_saved_audit,private-long-b / sixstream-c,paper/implementation-appendix.md,Specific tested module and kernel contract
C20,evidence research history,Earlier failures include trap queue exhaustion control stall and timing refusal,saved_evidence_summary,earlier retained experiments,evidence/README.md,Failure records remain private; no new experiment claimed
C21,report 7,Host integrity does not independently exclude hidden source laps or pauses,limitation,all configurations,docs/limitations.md,Absolute physical sample counter is absent
C22,report 8,Sparse A delivers 2048 checked frames over 2.515536915 host seconds,saved_audit,sparse-a,evidence/runs.json,Short feasibility does not inherit five-minute reliability
C23,report 8,Stopped cost experiment compares 3072 same-epoch references: 1536 sparse and 1536 six-input from 64000 raw words,saved_evidence_summary,sparse cost phase,paper/report.md,Combined count for this experiment only; stopped arithmetic validation is distinct from controlled RF rejection
C24,report 8; figure 4,Ideal sparse kernel has odd-alias notches and even-alias exposure,analytical,ideal six / sparse models,tools/make_figures.py,Analytical zeros exclude integer rounding and physical receiver
C25,report 9,Current candidate includes source-only build code but excludes proprietary images original recordings and private controller,availability_statement,draft scope,evidence/data-availability.md,Exact tested builds reproduce; hardware controller withheld and historical audits remain private
C26,report 10,Draft date and experiment date are distinct from actual public availability,release_policy,unpublished draft,docs/updating.md,No priority or legal sufficiency guarantee
C27,report 8,Finite sparse RF A measures additional 16.739 and 15.817 dB nearby-line attenuation versus six,saved_analysis,sparse-rf-a,evidence/rf-findings.json,Matched 256-output windows at recorded tap; source has multiple products
C28,report 8,Both measured RF targets fail the predefined wanted first-alias gate,saved_analysis,sparse-rf-a,evidence/rf-findings.json,Does not establish wanted-band alias rejection or RF calibration
C29,report 6,New offline verifier rechecks all 614848 frames and 629604352 words across three saved recordings,fresh_offline_file_check,private-long-b / sixstream-c / sparse-a,evidence/preparation-checks.json,No new hardware or complete wire/health audit; original files excluded
C30,report 8a,Sparse32 and twin6 each deliver 244160 checked frames in separate five-minute trials,saved_audit,sparse32-a / twin6-five-a,evidence/runs.json,32-slot single-payload path; combined changes do not isolate improvement causality
C31,report 8a,Finite twin6 RF adds 3.332 and 4.683 dB selected-line attenuation versus sparse-four,saved_analysis,twin6-rf-a,evidence/followup-findings.json,Outside wanted band; descriptive floors and source drift; no general LPF
C32,report 8a,Source-marked five-minute stream passes integrity but fails fixed primary RF correlation,saved_audit_and_analysis,twin6-live-rf-a,evidence/followup-findings.json,Two source bursts and zero passing chunks in all four ON windows; no post hoc replacement
C33,report 8b,STEP0 demo delivers244160 checked frames over300.025188989 host seconds and passes80 preset source RF chunks,saved_audit_and_analysis,twin6-step0-demo-a,evidence/known-signal-findings.json,Two bounded bursts; outside wanted band; source-derived peer audit not laboratory replication
C34,report 8b,Forty optional neighbor diagnostics remain unavailable without changing RF gates or estimates,saved_supplement,twin6-step0-demo-a,evidence/known-signal-findings.json,Null never zero; conditional LS floors are descriptive and uncalibrated
C35,report 8b,First userspace frame6.931463ms after arm maximum gap1.458134ms and STOP completion2.122691ms,saved_timestamp_supplement,twin6-step0-demo-a,evidence/known-signal-findings.json,Host monotonic timing not RF propagation or ADC calibration
C36,report 9; appendix M,Source candidate reproduces complete tested native image and driver SHA with45 executable-data relocation sections,fresh_software_build,b4b / d437,src/device/driver/compile-receipt.json,Build-only no installation; private acquisition controller withheld
C37,report 9,Pinned precedents already document per-frameCSI finite raw capture continuous WiFi reception and generic ring integrity,primary_source_comparison,bounded inspected projects,evidence/prior-art-comparison.csv,No broad priority absence or performance superiority claim
C38,report 8c,A separate passive twin6 hour delivers 2929920 checked frames and 3000238080 complex words,saved_audit,twin6-tsf-hour-a,evidence/longrun-findings.json,One bounded tested hour; no deliberate source operation or current reduced-rate protocol decoder; host span is not RF clock calibration
C39,report 8c,Raw-position metadata is reconstructed across 11 uint32 crossings in the hour record,saved_audit,twin6-tsf-hour-a,evidence/longrun-findings.json,Bounded modular progress and final descriptor checks; no independent absolute generation counter or hidden-lap exclusion; selected-word counter has not wrapped
C40,report 7; report 8c,Offline replay independently recovers 12 checksum-valid 1 Mbps DBPSK Wi-Fi frames from historical full-rate finite IQ,fresh_offline_replay,historical full-rate channel 1 finite,evidence/longrun-findings.json,Historical acquisition deadline failure remains; no new RF acquisition or current reduced-rate decoder; no payloads or transmitter identifiers exported
