path,licence_scope,spdx_id,notice_path
BUILD.md,project-documentation,CC-BY-4.0,RIGHTS.md
component-licences.csv,project-documentation,CC-BY-4.0,RIGHTS.md
dependencies.json,project-documentation,CC-BY-4.0,RIGHTS.md
driver/additions/brcmfmac/diagnostic_driver.inc,project-code,GPL-2.0-or-later,RIGHTS.md
driver/additions/brcmfmac/diagnostic_types.h,project-code,GPL-2.0-or-later,RIGHTS.md
driver/additions/brcmfmac/geometry_driver.inc,project-code,GPL-2.0-or-later,RIGHTS.md
driver/additions/brcmfmac/geometry_types.h,project-code,GPL-2.0-or-later,RIGHTS.md
driver/additions/brcmfmac/lease_driver.inc,project-code,GPL-2.0-or-later,RIGHTS.md
driver/additions/brcmfmac/lease_wait.inc,project-code,GPL-2.0-or-later,RIGHTS.md
driver/additions/brcmfmac/pi5_owned_contract.h,project-code,GPL-2.0-or-later,RIGHTS.md
driver/additions/brcmfmac/pi5_owned_ram.h,project-code,GPL-2.0-or-later,RIGHTS.md
driver/additions/brcmfmac/private_collect.inc,project-code,GPL-2.0-or-later,RIGHTS.md
driver/additions/brcmfmac/proto_gate.inc,project-code,GPL-2.0-or-later,RIGHTS.md
driver/additions/brcmfmac/stop_driver.inc,project-code,GPL-2.0-or-later,RIGHTS.md
driver/additions/brcmfmac/wait_match.inc,project-code,GPL-2.0-or-later,RIGHTS.md
driver/base-Kbuild,kernel-context,GPL-2.0-only AND ISC,driver/upstream-notices.txt
driver/compare_module.py,project-code,GPL-2.0-or-later,RIGHTS.md
driver/expected-source.json,project-documentation,CC-BY-4.0,RIGHTS.md
driver/prepare.py,project-code,GPL-2.0-or-later,RIGHTS.md
driver/reconstruction-receipt.json,project-documentation,CC-BY-4.0,RIGHTS.md
driver/tested-module-sections.json,project-documentation,CC-BY-4.0,RIGHTS.md
driver/twin6-linux.patch,kernel-context,GPL-2.0-only AND ISC,driver/upstream-notices.txt
driver/upstream-notices.txt,verbatim-licence-notices,LicenseRef-Verbatim-Licence-Notices,RIGHTS.md
INTEGRATION.md,project-documentation,CC-BY-4.0,RIGHTS.md
LICENSES/CC-BY-4.0.txt,verbatim-licence-notices,LicenseRef-Verbatim-Licence-Notices,RIGHTS.md
LICENSES/COPYING.txt,verbatim-licence-notices,LicenseRef-Verbatim-Licence-Notices,RIGHTS.md
LICENSES/GPL-2.0-or-later.txt,verbatim-licence-notices,LicenseRef-Verbatim-Licence-Notices,RIGHTS.md
LICENSES/GPL-2.0.txt,verbatim-licence-notices,LicenseRef-Verbatim-Licence-Notices,RIGHTS.md
LICENSES/ISC.txt,verbatim-licence-notices,LicenseRef-Verbatim-Licence-Notices,RIGHTS.md
LICENSES/upstream-sources.json,verbatim-licence-notices,LicenseRef-Verbatim-Licence-Notices,RIGHTS.md
manifest.json,project-documentation,CC-BY-4.0,RIGHTS.md
native/build.py,project-code,GPL-2.0-or-later,RIGHTS.md
native/rebuild-receipt.json,project-documentation,CC-BY-4.0,RIGHTS.md
native/source/average.S,project-code,GPL-2.0-or-later,RIGHTS.md
native/source/core/coherent_tsf.h,project-code,GPL-2.0-or-later,RIGHTS.md
native/source/core/hooks.S,project-code,GPL-2.0-or-later,RIGHTS.md
native/source/core/lease.inc,project-code,GPL-2.0-or-later,RIGHTS.md
native/source/core/modular.h,project-code,GPL-2.0-or-later,RIGHTS.md
native/source/core/progress.h,project-code,GPL-2.0-or-later,RIGHTS.md
native/source/core/reader_common.h,project-code,GPL-2.0-or-later,RIGHTS.md
native/source/core/ring_config.h,project-code,GPL-2.0-or-later,RIGHTS.md
native/source/core/sampler.inc,project-code,GPL-2.0-or-later,RIGHTS.md
native/source/core/speed.S,project-code,GPL-2.0-or-later,RIGHTS.md
native/source/core/target.c,project-code,GPL-2.0-or-later,RIGHTS.md
native/source/core/watchdog.inc,project-code,GPL-2.0-or-later,RIGHTS.md
native/source/patch.ld,project-code,GPL-2.0-or-later,RIGHTS.md
native/source/phase.c,project-code,GPL-2.0-or-later,RIGHTS.md
native/source/phase.h,project-code,GPL-2.0-or-later,RIGHTS.md
native/source/phase_hooks.S,project-code,GPL-2.0-or-later,RIGHTS.md
README.md,project-documentation,CC-BY-4.0,RIGHTS.md
requirements-native.txt,project-code,GPL-2.0-or-later,RIGHTS.md
RIGHTS.md,project-documentation,CC-BY-4.0,RIGHTS.md
SOURCE-AVAILABILITY.md,project-documentation,CC-BY-4.0,RIGHTS.md
driver/compile-receipt.json,project-documentation,CC-BY-4.0,RIGHTS.md
