path,licence_scope,spdx_id,text_path,notice_path
.gitattributes,project-code,GPL-2.0-or-later,LICENSES/GPL-2.0-or-later.txt,LICENSING.md
AI_ASSISTANCE.md,project-documentation,CC-BY-4.0,LICENSES/CC-BY-4.0.txt,LICENSING.md
CHANGELOG.md,project-documentation,CC-BY-4.0,LICENSES/CC-BY-4.0.txt,LICENSING.md
CITATION.cff,project-documentation,CC-BY-4.0,LICENSES/CC-BY-4.0.txt,LICENSING.md
CONTRIBUTIONS.md,project-documentation,CC-BY-4.0,LICENSES/CC-BY-4.0.txt,LICENSING.md
LICENSE.md,project-documentation,CC-BY-4.0,LICENSES/CC-BY-4.0.txt,LICENSING.md
LICENSES/CC-BY-4.0.txt,verbatim-licence-notices,LicenseRef-Verbatim-Licence-Notices,LICENSING.md,THIRD_PARTY_NOTICES.md
LICENSES/GPL-2.0-or-later.txt,verbatim-licence-notices,LicenseRef-Verbatim-Licence-Notices,LICENSING.md,THIRD_PARTY_NOTICES.md
LICENSING.md,project-documentation,CC-BY-4.0,LICENSES/CC-BY-4.0.txt,LICENSING.md
README.md,project-documentation,CC-BY-4.0,LICENSES/CC-BY-4.0.txt,LICENSING.md
THIRD_PARTY_NOTICES.md,project-documentation,CC-BY-4.0,LICENSES/CC-BY-4.0.txt,LICENSING.md
docs/current-findings.md,project-documentation,CC-BY-4.0,LICENSES/CC-BY-4.0.txt,LICENSING.md
docs/finalising.md,project-documentation,CC-BY-4.0,LICENSES/CC-BY-4.0.txt,LICENSING.md
docs/limitations.md,project-documentation,CC-BY-4.0,LICENSES/CC-BY-4.0.txt,LICENSING.md
docs/reproducing.md,project-documentation,CC-BY-4.0,LICENSES/CC-BY-4.0.txt,LICENSING.md
docs/updating.md,project-documentation,CC-BY-4.0,LICENSES/CC-BY-4.0.txt,LICENSING.md
evidence/README.md,project-documentation,CC-BY-4.0,LICENSES/CC-BY-4.0.txt,LICENSING.md
evidence/audit-summary.json,project-documentation,CC-BY-4.0,LICENSES/CC-BY-4.0.txt,LICENSING.md
evidence/claims.csv,project-documentation,CC-BY-4.0,LICENSES/CC-BY-4.0.txt,LICENSING.md
evidence/data-availability.md,project-documentation,CC-BY-4.0,LICENSES/CC-BY-4.0.txt,LICENSING.md
evidence/derived/sixstream-c-delivery.json,project-documentation,CC-BY-4.0,LICENSES/CC-BY-4.0.txt,LICENSING.md
evidence/followup-findings.json,project-documentation,CC-BY-4.0,LICENSES/CC-BY-4.0.txt,LICENSING.md
evidence/known-signal-findings.json,project-documentation,CC-BY-4.0,LICENSES/CC-BY-4.0.txt,LICENSING.md
evidence/longrun-findings.json,project-documentation,CC-BY-4.0,LICENSES/CC-BY-4.0.txt,LICENSING.md
evidence/preparation-checks.json,project-documentation,CC-BY-4.0,LICENSES/CC-BY-4.0.txt,LICENSING.md
evidence/prior-art-comparison.csv,project-documentation,CC-BY-4.0,LICENSES/CC-BY-4.0.txt,LICENSING.md
evidence/rf-findings.json,project-documentation,CC-BY-4.0,LICENSES/CC-BY-4.0.txt,LICENSING.md
evidence/rf-step0/decision-result.json,project-documentation,CC-BY-4.0,LICENSES/CC-BY-4.0.txt,LICENSING.md
evidence/rf-step0/fitted-values.json,project-documentation,CC-BY-4.0,LICENSES/CC-BY-4.0.txt,LICENSING.md
evidence/rf-step0/plan.json,project-documentation,CC-BY-4.0,LICENSES/CC-BY-4.0.txt,LICENSING.md
evidence/rf-step0/provenance.json,project-documentation,CC-BY-4.0,LICENSES/CC-BY-4.0.txt,LICENSING.md
evidence/runs.csv,project-documentation,CC-BY-4.0,LICENSES/CC-BY-4.0.txt,LICENSING.md
evidence/runs.json,project-documentation,CC-BY-4.0,LICENSES/CC-BY-4.0.txt,LICENSING.md
examples/synthetic-frames.bin,project-documentation,CC-BY-4.0,LICENSES/CC-BY-4.0.txt,LICENSING.md
examples/synthetic-frames.json,project-documentation,CC-BY-4.0,LICENSES/CC-BY-4.0.txt,LICENSING.md
paper/figures/architecture.svg,project-documentation,CC-BY-4.0,LICENSES/CC-BY-4.0.txt,LICENSING.md
paper/figures/delivery.svg,project-documentation,CC-BY-4.0,LICENSES/CC-BY-4.0.txt,LICENSING.md
paper/figures/filter-response.svg,project-documentation,CC-BY-4.0,LICENSES/CC-BY-4.0.txt,LICENSING.md
paper/figures/known-signal-reviewed.png,project-documentation,CC-BY-4.0,LICENSES/CC-BY-4.0.txt,LICENSING.md
paper/figures/lifecycle.svg,project-documentation,CC-BY-4.0,LICENSES/CC-BY-4.0.txt,LICENSING.md
paper/implementation-appendix.md,project-documentation,CC-BY-4.0,LICENSES/CC-BY-4.0.txt,LICENSING.md
paper/metadata.json,project-documentation,CC-BY-4.0,LICENSES/CC-BY-4.0.txt,LICENSING.md
paper/references.bib,project-documentation,CC-BY-4.0,LICENSES/CC-BY-4.0.txt,LICENSING.md
paper/release.html,project-documentation,CC-BY-4.0,LICENSES/CC-BY-4.0.txt,LICENSING.md
paper/report.md,project-documentation,CC-BY-4.0,LICENSES/CC-BY-4.0.txt,LICENSING.md
pi5-receive-stream.pdf,project-documentation,CC-BY-4.0,LICENSES/CC-BY-4.0.txt,LICENSING.md
release/approved-config.json,project-documentation,CC-BY-4.0,LICENSES/CC-BY-4.0.txt,LICENSING.md
release/archive-metadata.md,project-documentation,CC-BY-4.0,LICENSES/CC-BY-4.0.txt,LICENSING.md
release/component-licences.csv,project-documentation,CC-BY-4.0,LICENSES/CC-BY-4.0.txt,LICENSING.md
release/licence-selection.json,project-documentation,CC-BY-4.0,LICENSES/CC-BY-4.0.txt,LICENSING.md
release/owner-config.template.json,project-documentation,CC-BY-4.0,LICENSES/CC-BY-4.0.txt,LICENSING.md
release/publication-checklist.md,project-documentation,CC-BY-4.0,LICENSES/CC-BY-4.0.txt,LICENSING.md
release/release-notes.md,project-documentation,CC-BY-4.0,LICENSES/CC-BY-4.0.txt,LICENSING.md
requirements-build.txt,project-code,GPL-2.0-or-later,LICENSES/GPL-2.0-or-later.txt,LICENSING.md
site/README.md,project-documentation,CC-BY-4.0,LICENSES/CC-BY-4.0.txt,LICENSING.md
site/asset-manifest.json,project-documentation,CC-BY-4.0,LICENSES/CC-BY-4.0.txt,LICENSING.md
site/build.py,project-code,GPL-2.0-or-later,LICENSES/GPL-2.0-or-later.txt,LICENSING.md
site/dist/assets/demonstration.svg,project-documentation,CC-BY-4.0,LICENSES/CC-BY-4.0.txt,LICENSING.md
site/dist/assets/selection.svg,project-documentation,CC-BY-4.0,LICENSES/CC-BY-4.0.txt,LICENSING.md
site/dist/assets/signal-path.svg,project-documentation,CC-BY-4.0,LICENSES/CC-BY-4.0.txt,LICENSING.md
site/dist/assets/streaming.svg,project-documentation,CC-BY-4.0,LICENSES/CC-BY-4.0.txt,LICENSING.md
site/dist/index.html,project-documentation,CC-BY-4.0,LICENSES/CC-BY-4.0.txt,LICENSING.md
site/dist/reading.css,project-code,GPL-2.0-or-later,LICENSES/GPL-2.0-or-later.txt,LICENSING.md
site/dist/reading/files/.gitattributes,project-code,GPL-2.0-or-later,LICENSES/GPL-2.0-or-later.txt,LICENSING.md
site/dist/reading/files/AI_ASSISTANCE.html,project-documentation,CC-BY-4.0,LICENSES/CC-BY-4.0.txt,LICENSING.md
site/dist/reading/files/CHANGELOG.html,project-documentation,CC-BY-4.0,LICENSES/CC-BY-4.0.txt,LICENSING.md
site/dist/reading/files/CITATION.cff,project-documentation,CC-BY-4.0,LICENSES/CC-BY-4.0.txt,LICENSING.md
site/dist/reading/files/CONTRIBUTIONS.html,project-documentation,CC-BY-4.0,LICENSES/CC-BY-4.0.txt,LICENSING.md
site/dist/reading/files/LICENSE.html,project-documentation,CC-BY-4.0,LICENSES/CC-BY-4.0.txt,LICENSING.md
site/dist/reading/files/LICENSES/CC-BY-4.0.txt,verbatim-licence-notices,LicenseRef-Verbatim-Licence-Notices,LICENSING.md,THIRD_PARTY_NOTICES.md
site/dist/reading/files/LICENSES/GPL-2.0-or-later.txt,verbatim-licence-notices,LicenseRef-Verbatim-Licence-Notices,LICENSING.md,THIRD_PARTY_NOTICES.md
site/dist/reading/files/LICENSING.html,project-documentation,CC-BY-4.0,LICENSES/CC-BY-4.0.txt,LICENSING.md
site/dist/reading/files/README.html,project-documentation,CC-BY-4.0,LICENSES/CC-BY-4.0.txt,LICENSING.md
site/dist/reading/files/THIRD_PARTY_NOTICES.html,project-documentation,CC-BY-4.0,LICENSES/CC-BY-4.0.txt,LICENSING.md
site/dist/reading/files/docs/current-findings.html,project-documentation,CC-BY-4.0,LICENSES/CC-BY-4.0.txt,LICENSING.md
site/dist/reading/files/docs/finalising.html,project-documentation,CC-BY-4.0,LICENSES/CC-BY-4.0.txt,LICENSING.md
site/dist/reading/files/docs/limitations.html,project-documentation,CC-BY-4.0,LICENSES/CC-BY-4.0.txt,LICENSING.md
site/dist/reading/files/docs/reproducing.html,project-documentation,CC-BY-4.0,LICENSES/CC-BY-4.0.txt,LICENSING.md
site/dist/reading/files/docs/updating.html,project-documentation,CC-BY-4.0,LICENSES/CC-BY-4.0.txt,LICENSING.md
site/dist/reading/files/evidence/README.html,project-documentation,CC-BY-4.0,LICENSES/CC-BY-4.0.txt,LICENSING.md
site/dist/reading/files/evidence/audit-summary.json,project-documentation,CC-BY-4.0,LICENSES/CC-BY-4.0.txt,LICENSING.md
site/dist/reading/files/evidence/claims.csv,project-documentation,CC-BY-4.0,LICENSES/CC-BY-4.0.txt,LICENSING.md
site/dist/reading/files/evidence/data-availability.html,project-documentation,CC-BY-4.0,LICENSES/CC-BY-4.0.txt,LICENSING.md
site/dist/reading/files/evidence/derived/sixstream-c-delivery.json,project-documentation,CC-BY-4.0,LICENSES/CC-BY-4.0.txt,LICENSING.md
site/dist/reading/files/evidence/followup-findings.json,project-documentation,CC-BY-4.0,LICENSES/CC-BY-4.0.txt,LICENSING.md
site/dist/reading/files/evidence/known-signal-findings.json,project-documentation,CC-BY-4.0,LICENSES/CC-BY-4.0.txt,LICENSING.md
site/dist/reading/files/evidence/longrun-findings.json,project-documentation,CC-BY-4.0,LICENSES/CC-BY-4.0.txt,LICENSING.md
site/dist/reading/files/evidence/preparation-checks.json,project-documentation,CC-BY-4.0,LICENSES/CC-BY-4.0.txt,LICENSING.md
site/dist/reading/files/evidence/prior-art-comparison.csv,project-documentation,CC-BY-4.0,LICENSES/CC-BY-4.0.txt,LICENSING.md
site/dist/reading/files/evidence/rf-findings.json,project-documentation,CC-BY-4.0,LICENSES/CC-BY-4.0.txt,LICENSING.md
site/dist/reading/files/evidence/rf-step0/decision-result.json,project-documentation,CC-BY-4.0,LICENSES/CC-BY-4.0.txt,LICENSING.md
site/dist/reading/files/evidence/rf-step0/fitted-values.json,project-documentation,CC-BY-4.0,LICENSES/CC-BY-4.0.txt,LICENSING.md
site/dist/reading/files/evidence/rf-step0/plan.json,project-documentation,CC-BY-4.0,LICENSES/CC-BY-4.0.txt,LICENSING.md
site/dist/reading/files/evidence/rf-step0/provenance.json,project-documentation,CC-BY-4.0,LICENSES/CC-BY-4.0.txt,LICENSING.md
site/dist/reading/files/evidence/runs.csv,project-documentation,CC-BY-4.0,LICENSES/CC-BY-4.0.txt,LICENSING.md
site/dist/reading/files/evidence/runs.json,project-documentation,CC-BY-4.0,LICENSES/CC-BY-4.0.txt,LICENSING.md
site/dist/reading/files/examples/synthetic-frames.bin,project-documentation,CC-BY-4.0,LICENSES/CC-BY-4.0.txt,LICENSING.md
site/dist/reading/files/examples/synthetic-frames.json,project-documentation,CC-BY-4.0,LICENSES/CC-BY-4.0.txt,LICENSING.md
site/dist/reading/files/paper/figures/architecture.svg,project-documentation,CC-BY-4.0,LICENSES/CC-BY-4.0.txt,LICENSING.md
site/dist/reading/files/paper/figures/delivery.svg,project-documentation,CC-BY-4.0,LICENSES/CC-BY-4.0.txt,LICENSING.md
site/dist/reading/files/paper/figures/filter-response.svg,project-documentation,CC-BY-4.0,LICENSES/CC-BY-4.0.txt,LICENSING.md
site/dist/reading/files/paper/figures/known-signal-reviewed.png,project-documentation,CC-BY-4.0,LICENSES/CC-BY-4.0.txt,LICENSING.md
site/dist/reading/files/paper/figures/lifecycle.svg,project-documentation,CC-BY-4.0,LICENSES/CC-BY-4.0.txt,LICENSING.md
site/dist/reading/files/paper/implementation-appendix.html,project-documentation,CC-BY-4.0,LICENSES/CC-BY-4.0.txt,LICENSING.md
site/dist/reading/files/paper/metadata.json,project-documentation,CC-BY-4.0,LICENSES/CC-BY-4.0.txt,LICENSING.md
site/dist/reading/files/paper/references.bib,project-documentation,CC-BY-4.0,LICENSES/CC-BY-4.0.txt,LICENSING.md
site/dist/reading/files/paper/report.html,project-documentation,CC-BY-4.0,LICENSES/CC-BY-4.0.txt,LICENSING.md
site/dist/reading/files/release/approved-config.json,project-documentation,CC-BY-4.0,LICENSES/CC-BY-4.0.txt,LICENSING.md
site/dist/reading/files/release/archive-metadata.html,project-documentation,CC-BY-4.0,LICENSES/CC-BY-4.0.txt,LICENSING.md
site/dist/reading/files/release/component-licences.csv,project-documentation,CC-BY-4.0,LICENSES/CC-BY-4.0.txt,LICENSING.md
site/dist/reading/files/release/licence-selection.json,project-documentation,CC-BY-4.0,LICENSES/CC-BY-4.0.txt,LICENSING.md
site/dist/reading/files/release/owner-config.template.json,project-documentation,CC-BY-4.0,LICENSES/CC-BY-4.0.txt,LICENSING.md
site/dist/reading/files/release/publication-checklist.html,project-documentation,CC-BY-4.0,LICENSES/CC-BY-4.0.txt,LICENSING.md
site/dist/reading/files/release/release-notes.html,project-documentation,CC-BY-4.0,LICENSES/CC-BY-4.0.txt,LICENSING.md
site/dist/reading/files/requirements-build.txt,project-code,GPL-2.0-or-later,LICENSES/GPL-2.0-or-later.txt,LICENSING.md
site/dist/reading/files/src/README.html,project-documentation,CC-BY-4.0,LICENSES/CC-BY-4.0.txt,LICENSING.md
site/dist/reading/files/src/device-abi37/BUILD.html,project-documentation,CC-BY-4.0,LICENSES/CC-BY-4.0.txt,LICENSING.md
site/dist/reading/files/src/device-abi37/INTEGRATION.html,project-documentation,CC-BY-4.0,LICENSES/CC-BY-4.0.txt,LICENSING.md
site/dist/reading/files/src/device-abi37/LICENSES/CC-BY-4.0.txt,verbatim-licence-notices,LicenseRef-Verbatim-Licence-Notices,LICENSING.md,THIRD_PARTY_NOTICES.md
site/dist/reading/files/src/device-abi37/LICENSES/COPYING.txt,verbatim-licence-notices,LicenseRef-Verbatim-Licence-Notices,LICENSING.md,THIRD_PARTY_NOTICES.md
site/dist/reading/files/src/device-abi37/LICENSES/GPL-2.0-or-later.txt,verbatim-licence-notices,LicenseRef-Verbatim-Licence-Notices,LICENSING.md,THIRD_PARTY_NOTICES.md
site/dist/reading/files/src/device-abi37/LICENSES/GPL-2.0.txt,verbatim-licence-notices,LicenseRef-Verbatim-Licence-Notices,LICENSING.md,THIRD_PARTY_NOTICES.md
site/dist/reading/files/src/device-abi37/LICENSES/ISC.txt,verbatim-licence-notices,LicenseRef-Verbatim-Licence-Notices,LICENSING.md,THIRD_PARTY_NOTICES.md
site/dist/reading/files/src/device-abi37/LICENSES/upstream-sources.json,verbatim-licence-notices,LicenseRef-Verbatim-Licence-Notices,LICENSING.md,THIRD_PARTY_NOTICES.md
site/dist/reading/files/src/device-abi37/README.html,project-documentation,CC-BY-4.0,LICENSES/CC-BY-4.0.txt,LICENSING.md
site/dist/reading/files/src/device-abi37/RIGHTS.html,project-documentation,CC-BY-4.0,LICENSES/CC-BY-4.0.txt,LICENSING.md
site/dist/reading/files/src/device-abi37/SOURCE-AVAILABILITY.html,project-documentation,CC-BY-4.0,LICENSES/CC-BY-4.0.txt,LICENSING.md
site/dist/reading/files/src/device-abi37/component-licences.csv,project-documentation,CC-BY-4.0,LICENSES/CC-BY-4.0.txt,LICENSING.md
site/dist/reading/files/src/device-abi37/dependencies.json,project-documentation,CC-BY-4.0,LICENSES/CC-BY-4.0.txt,LICENSING.md
site/dist/reading/files/src/device-abi37/driver/additions/brcmfmac/diagnostic_driver.inc,project-code,GPL-2.0-or-later,LICENSES/GPL-2.0-or-later.txt,LICENSING.md
site/dist/reading/files/src/device-abi37/driver/additions/brcmfmac/diagnostic_types.h,project-code,GPL-2.0-or-later,LICENSES/GPL-2.0-or-later.txt,LICENSING.md
site/dist/reading/files/src/device-abi37/driver/additions/brcmfmac/geometry_driver.inc,project-code,GPL-2.0-or-later,LICENSES/GPL-2.0-or-later.txt,LICENSING.md
site/dist/reading/files/src/device-abi37/driver/additions/brcmfmac/geometry_types.h,project-code,GPL-2.0-or-later,LICENSES/GPL-2.0-or-later.txt,LICENSING.md
site/dist/reading/files/src/device-abi37/driver/additions/brcmfmac/lease_driver.inc,project-code,GPL-2.0-or-later,LICENSES/GPL-2.0-or-later.txt,LICENSING.md
site/dist/reading/files/src/device-abi37/driver/additions/brcmfmac/lease_wait.inc,project-code,GPL-2.0-or-later,LICENSES/GPL-2.0-or-later.txt,LICENSING.md
site/dist/reading/files/src/device-abi37/driver/additions/brcmfmac/pi5_owned_contract.h,project-code,GPL-2.0-or-later,LICENSES/GPL-2.0-or-later.txt,LICENSING.md
site/dist/reading/files/src/device-abi37/driver/additions/brcmfmac/pi5_owned_ram.h,project-code,GPL-2.0-or-later,LICENSES/GPL-2.0-or-later.txt,LICENSING.md
site/dist/reading/files/src/device-abi37/driver/additions/brcmfmac/private_collect.inc,project-code,GPL-2.0-or-later,LICENSES/GPL-2.0-or-later.txt,LICENSING.md
site/dist/reading/files/src/device-abi37/driver/additions/brcmfmac/proto_gate.inc,project-code,GPL-2.0-or-later,LICENSES/GPL-2.0-or-later.txt,LICENSING.md
site/dist/reading/files/src/device-abi37/driver/additions/brcmfmac/stop_driver.inc,project-code,GPL-2.0-or-later,LICENSES/GPL-2.0-or-later.txt,LICENSING.md
site/dist/reading/files/src/device-abi37/driver/additions/brcmfmac/wait_match.inc,project-code,GPL-2.0-or-later,LICENSES/GPL-2.0-or-later.txt,LICENSING.md
site/dist/reading/files/src/device-abi37/driver/base-Kbuild,kernel-context,GPL-2.0-only AND ISC,LICENSES/GPL-2.0-or-later.txt,src/device/driver/upstream-notices.txt
site/dist/reading/files/src/device-abi37/driver/compare_module.py,project-code,GPL-2.0-or-later,LICENSES/GPL-2.0-or-later.txt,LICENSING.md
site/dist/reading/files/src/device-abi37/driver/compile-receipt.json,project-documentation,CC-BY-4.0,LICENSES/CC-BY-4.0.txt,LICENSING.md
site/dist/reading/files/src/device-abi37/driver/expected-source.json,project-documentation,CC-BY-4.0,LICENSES/CC-BY-4.0.txt,LICENSING.md
site/dist/reading/files/src/device-abi37/driver/prepare.py,project-code,GPL-2.0-or-later,LICENSES/GPL-2.0-or-later.txt,LICENSING.md
site/dist/reading/files/src/device-abi37/driver/reconstruction-receipt.json,project-documentation,CC-BY-4.0,LICENSES/CC-BY-4.0.txt,LICENSING.md
site/dist/reading/files/src/device-abi37/driver/tested-module-sections.json,project-documentation,CC-BY-4.0,LICENSES/CC-BY-4.0.txt,LICENSING.md
site/dist/reading/files/src/device-abi37/driver/twin6-linux.patch,kernel-context,GPL-2.0-only AND ISC,LICENSES/GPL-2.0-or-later.txt,src/device/driver/upstream-notices.txt
site/dist/reading/files/src/device-abi37/driver/upstream-notices.txt,verbatim-licence-notices,LicenseRef-Verbatim-Licence-Notices,LICENSING.md,THIRD_PARTY_NOTICES.md
site/dist/reading/files/src/device-abi37/manifest.json,project-documentation,CC-BY-4.0,LICENSES/CC-BY-4.0.txt,LICENSING.md
site/dist/reading/files/src/device-abi37/native/build.py,project-code,GPL-2.0-or-later,LICENSES/GPL-2.0-or-later.txt,LICENSING.md
site/dist/reading/files/src/device-abi37/native/rebuild-receipt.json,project-documentation,CC-BY-4.0,LICENSES/CC-BY-4.0.txt,LICENSING.md
site/dist/reading/files/src/device-abi37/native/source/average.S,project-code,GPL-2.0-or-later,LICENSES/GPL-2.0-or-later.txt,LICENSING.md
site/dist/reading/files/src/device-abi37/native/source/core/coherent_tsf.h,project-code,GPL-2.0-or-later,LICENSES/GPL-2.0-or-later.txt,LICENSING.md
site/dist/reading/files/src/device-abi37/native/source/core/hooks.S,project-code,GPL-2.0-or-later,LICENSES/GPL-2.0-or-later.txt,LICENSING.md
site/dist/reading/files/src/device-abi37/native/source/core/lease.inc,project-code,GPL-2.0-or-later,LICENSES/GPL-2.0-or-later.txt,LICENSING.md
site/dist/reading/files/src/device-abi37/native/source/core/modular.h,project-code,GPL-2.0-or-later,LICENSES/GPL-2.0-or-later.txt,LICENSING.md
site/dist/reading/files/src/device-abi37/native/source/core/progress.h,project-code,GPL-2.0-or-later,LICENSES/GPL-2.0-or-later.txt,LICENSING.md
site/dist/reading/files/src/device-abi37/native/source/core/reader_common.h,project-code,GPL-2.0-or-later,LICENSES/GPL-2.0-or-later.txt,LICENSING.md
site/dist/reading/files/src/device-abi37/native/source/core/ring_config.h,project-code,GPL-2.0-or-later,LICENSES/GPL-2.0-or-later.txt,LICENSING.md
site/dist/reading/files/src/device-abi37/native/source/core/sampler.inc,project-code,GPL-2.0-or-later,LICENSES/GPL-2.0-or-later.txt,LICENSING.md
site/dist/reading/files/src/device-abi37/native/source/core/speed.S,project-code,GPL-2.0-or-later,LICENSES/GPL-2.0-or-later.txt,LICENSING.md
site/dist/reading/files/src/device-abi37/native/source/core/target.c,project-code,GPL-2.0-or-later,LICENSES/GPL-2.0-or-later.txt,LICENSING.md
site/dist/reading/files/src/device-abi37/native/source/core/watchdog.inc,project-code,GPL-2.0-or-later,LICENSES/GPL-2.0-or-later.txt,LICENSING.md
site/dist/reading/files/src/device-abi37/native/source/patch.ld,project-code,GPL-2.0-or-later,LICENSES/GPL-2.0-or-later.txt,LICENSING.md
site/dist/reading/files/src/device-abi37/native/source/phase.c,project-code,GPL-2.0-or-later,LICENSES/GPL-2.0-or-later.txt,LICENSING.md
site/dist/reading/files/src/device-abi37/native/source/phase.h,project-code,GPL-2.0-or-later,LICENSES/GPL-2.0-or-later.txt,LICENSING.md
site/dist/reading/files/src/device-abi37/native/source/phase_hooks.S,project-code,GPL-2.0-or-later,LICENSES/GPL-2.0-or-later.txt,LICENSING.md
site/dist/reading/files/src/device-abi37/requirements-native.txt,project-code,GPL-2.0-or-later,LICENSES/GPL-2.0-or-later.txt,LICENSING.md
site/dist/reading/files/src/device/BUILD.html,project-documentation,CC-BY-4.0,LICENSES/CC-BY-4.0.txt,LICENSING.md
site/dist/reading/files/src/device/INTEGRATION.html,project-documentation,CC-BY-4.0,LICENSES/CC-BY-4.0.txt,LICENSING.md
site/dist/reading/files/src/device/LICENSES/COPYING.txt,verbatim-licence-notices,LicenseRef-Verbatim-Licence-Notices,LICENSING.md,THIRD_PARTY_NOTICES.md
site/dist/reading/files/src/device/LICENSES/GPL-2.0.txt,verbatim-licence-notices,LicenseRef-Verbatim-Licence-Notices,LICENSING.md,THIRD_PARTY_NOTICES.md
site/dist/reading/files/src/device/LICENSES/ISC.txt,verbatim-licence-notices,LicenseRef-Verbatim-Licence-Notices,LICENSING.md,THIRD_PARTY_NOTICES.md
site/dist/reading/files/src/device/LICENSES/upstream-sources.json,verbatim-licence-notices,LicenseRef-Verbatim-Licence-Notices,LICENSING.md,THIRD_PARTY_NOTICES.md
site/dist/reading/files/src/device/README.html,project-documentation,CC-BY-4.0,LICENSES/CC-BY-4.0.txt,LICENSING.md
site/dist/reading/files/src/device/RIGHTS.html,project-documentation,CC-BY-4.0,LICENSES/CC-BY-4.0.txt,LICENSING.md
site/dist/reading/files/src/device/component-rights.csv,project-documentation,CC-BY-4.0,LICENSES/CC-BY-4.0.txt,LICENSING.md
site/dist/reading/files/src/device/dependencies.json,project-documentation,CC-BY-4.0,LICENSES/CC-BY-4.0.txt,LICENSING.md
site/dist/reading/files/src/device/driver/additions/brcmfmac/diagnostic_driver.inc,project-code,GPL-2.0-or-later,LICENSES/GPL-2.0-or-later.txt,LICENSING.md
site/dist/reading/files/src/device/driver/additions/brcmfmac/diagnostic_types.h,project-code,GPL-2.0-or-later,LICENSES/GPL-2.0-or-later.txt,LICENSING.md
site/dist/reading/files/src/device/driver/additions/brcmfmac/geometry_driver.inc,project-code,GPL-2.0-or-later,LICENSES/GPL-2.0-or-later.txt,LICENSING.md
site/dist/reading/files/src/device/driver/additions/brcmfmac/geometry_types.h,project-code,GPL-2.0-or-later,LICENSES/GPL-2.0-or-later.txt,LICENSING.md
site/dist/reading/files/src/device/driver/additions/brcmfmac/lease_driver.inc,project-code,GPL-2.0-or-later,LICENSES/GPL-2.0-or-later.txt,LICENSING.md
site/dist/reading/files/src/device/driver/additions/brcmfmac/lease_wait.inc,project-code,GPL-2.0-or-later,LICENSES/GPL-2.0-or-later.txt,LICENSING.md
site/dist/reading/files/src/device/driver/additions/brcmfmac/pi5_owned_contract.h,project-code,GPL-2.0-or-later,LICENSES/GPL-2.0-or-later.txt,LICENSING.md
site/dist/reading/files/src/device/driver/additions/brcmfmac/pi5_owned_ram.h,project-code,GPL-2.0-or-later,LICENSES/GPL-2.0-or-later.txt,LICENSING.md
site/dist/reading/files/src/device/driver/additions/brcmfmac/private_collect.inc,project-code,GPL-2.0-or-later,LICENSES/GPL-2.0-or-later.txt,LICENSING.md
site/dist/reading/files/src/device/driver/additions/brcmfmac/proto_gate.inc,project-code,GPL-2.0-or-later,LICENSES/GPL-2.0-or-later.txt,LICENSING.md
site/dist/reading/files/src/device/driver/additions/brcmfmac/stop_driver.inc,project-code,GPL-2.0-or-later,LICENSES/GPL-2.0-or-later.txt,LICENSING.md
site/dist/reading/files/src/device/driver/additions/brcmfmac/wait_match.inc,project-code,GPL-2.0-or-later,LICENSES/GPL-2.0-or-later.txt,LICENSING.md
site/dist/reading/files/src/device/driver/architecture-validation-receipt.json,project-documentation,CC-BY-4.0,LICENSES/CC-BY-4.0.txt,LICENSING.md
site/dist/reading/files/src/device/driver/base-Kbuild,kernel-context,GPL-2.0-only AND ISC,LICENSES/GPL-2.0-or-later.txt,src/device/driver/upstream-notices.txt
site/dist/reading/files/src/device/driver/compare_module.py,project-code,GPL-2.0-or-later,LICENSES/GPL-2.0-or-later.txt,LICENSING.md
site/dist/reading/files/src/device/driver/compile-receipt.json,project-documentation,CC-BY-4.0,LICENSES/CC-BY-4.0.txt,LICENSING.md
site/dist/reading/files/src/device/driver/expected-source.json,project-documentation,CC-BY-4.0,LICENSES/CC-BY-4.0.txt,LICENSING.md
site/dist/reading/files/src/device/driver/prepare.py,project-code,GPL-2.0-or-later,LICENSES/GPL-2.0-or-later.txt,LICENSING.md
site/dist/reading/files/src/device/driver/reconstruction-receipt.json,project-documentation,CC-BY-4.0,LICENSES/CC-BY-4.0.txt,LICENSING.md
site/dist/reading/files/src/device/driver/tested-module-sections.json,project-documentation,CC-BY-4.0,LICENSES/CC-BY-4.0.txt,LICENSING.md
site/dist/reading/files/src/device/driver/twin6-linux.patch,kernel-context,GPL-2.0-only AND ISC,LICENSES/GPL-2.0-or-later.txt,src/device/driver/upstream-notices.txt
site/dist/reading/files/src/device/driver/upstream-notices.txt,verbatim-licence-notices,LicenseRef-Verbatim-Licence-Notices,LICENSING.md,THIRD_PARTY_NOTICES.md
site/dist/reading/files/src/device/manifest.json,project-documentation,CC-BY-4.0,LICENSES/CC-BY-4.0.txt,LICENSING.md
site/dist/reading/files/src/device/native/build.py,project-code,GPL-2.0-or-later,LICENSES/GPL-2.0-or-later.txt,LICENSING.md
site/dist/reading/files/src/device/native/rebuild-receipt.json,project-documentation,CC-BY-4.0,LICENSES/CC-BY-4.0.txt,LICENSING.md
site/dist/reading/files/src/device/native/source/average.S,project-code,GPL-2.0-or-later,LICENSES/GPL-2.0-or-later.txt,LICENSING.md
site/dist/reading/files/src/device/native/source/core/hooks.S,project-code,GPL-2.0-or-later,LICENSES/GPL-2.0-or-later.txt,LICENSING.md
site/dist/reading/files/src/device/native/source/core/lease.inc,project-code,GPL-2.0-or-later,LICENSES/GPL-2.0-or-later.txt,LICENSING.md
site/dist/reading/files/src/device/native/source/core/modular.h,project-code,GPL-2.0-or-later,LICENSES/GPL-2.0-or-later.txt,LICENSING.md
site/dist/reading/files/src/device/native/source/core/progress.h,project-code,GPL-2.0-or-later,LICENSES/GPL-2.0-or-later.txt,LICENSING.md
site/dist/reading/files/src/device/native/source/core/reader_common.h,project-code,GPL-2.0-or-later,LICENSES/GPL-2.0-or-later.txt,LICENSING.md
site/dist/reading/files/src/device/native/source/core/ring_config.h,project-code,GPL-2.0-or-later,LICENSES/GPL-2.0-or-later.txt,LICENSING.md
site/dist/reading/files/src/device/native/source/core/sampler.inc,project-code,GPL-2.0-or-later,LICENSES/GPL-2.0-or-later.txt,LICENSING.md
site/dist/reading/files/src/device/native/source/core/speed.S,project-code,GPL-2.0-or-later,LICENSES/GPL-2.0-or-later.txt,LICENSING.md
site/dist/reading/files/src/device/native/source/core/target.c,project-code,GPL-2.0-or-later,LICENSES/GPL-2.0-or-later.txt,LICENSING.md
site/dist/reading/files/src/device/native/source/core/watchdog.inc,project-code,GPL-2.0-or-later,LICENSES/GPL-2.0-or-later.txt,LICENSING.md
site/dist/reading/files/src/device/native/source/patch.ld,project-code,GPL-2.0-or-later,LICENSES/GPL-2.0-or-later.txt,LICENSING.md
site/dist/reading/files/src/device/native/source/phase.c,project-code,GPL-2.0-or-later,LICENSES/GPL-2.0-or-later.txt,LICENSING.md
site/dist/reading/files/src/device/native/source/phase.h,project-code,GPL-2.0-or-later,LICENSES/GPL-2.0-or-later.txt,LICENSING.md
site/dist/reading/files/src/device/native/source/phase_hooks.S,project-code,GPL-2.0-or-later,LICENSES/GPL-2.0-or-later.txt,LICENSING.md
site/dist/reading/files/src/device/requirements-native.txt,project-code,GPL-2.0-or-later,LICENSES/GPL-2.0-or-later.txt,LICENSING.md
site/dist/reading/files/src/device/verify.py,project-code,GPL-2.0-or-later,LICENSES/GPL-2.0-or-later.txt,LICENSING.md
site/dist/reading/files/src/rf_step0/README.html,project-documentation,CC-BY-4.0,LICENSES/CC-BY-4.0.txt,LICENSING.md
site/dist/reading/files/src/rf_step0/decisions.py,project-code,GPL-2.0-or-later,LICENSES/GPL-2.0-or-later.txt,LICENSING.md
site/dist/reading/files/src/rf_step0/method.py,project-code,GPL-2.0-or-later,LICENSES/GPL-2.0-or-later.txt,LICENSING.md
site/dist/reading/files/src/rf_step0/requirements.txt,project-code,GPL-2.0-or-later,LICENSES/GPL-2.0-or-later.txt,LICENSING.md
site/dist/reading/files/tests/test_finalise.py,project-code,GPL-2.0-or-later,LICENSES/GPL-2.0-or-later.txt,LICENSING.md
site/dist/reading/files/tests/test_metrics.py,project-code,GPL-2.0-or-later,LICENSES/GPL-2.0-or-later.txt,LICENSING.md
site/dist/reading/files/tests/test_module_compare.py,project-code,GPL-2.0-or-later,LICENSES/GPL-2.0-or-later.txt,LICENSING.md
site/dist/reading/files/tests/test_native_contract.py,project-code,GPL-2.0-or-later,LICENSES/GPL-2.0-or-later.txt,LICENSING.md
site/dist/reading/files/tests/test_protocol.py,project-code,GPL-2.0-or-later,LICENSES/GPL-2.0-or-later.txt,LICENSING.md
site/dist/reading/files/tests/test_release.py,project-code,GPL-2.0-or-later,LICENSES/GPL-2.0-or-later.txt,LICENSING.md
site/dist/reading/files/tests/test_report_metadata.py,project-code,GPL-2.0-or-later,LICENSES/GPL-2.0-or-later.txt,LICENSING.md
site/dist/reading/files/tests/test_rf_decisions.py,project-code,GPL-2.0-or-later,LICENSES/GPL-2.0-or-later.txt,LICENSING.md
site/dist/reading/files/tools/build_report.py,project-code,GPL-2.0-or-later,LICENSES/GPL-2.0-or-later.txt,LICENSING.md
site/dist/reading/files/tools/finalise_release.py,project-code,GPL-2.0-or-later,LICENSES/GPL-2.0-or-later.txt,LICENSING.md
site/dist/reading/files/tools/frame_protocol.py,project-code,GPL-2.0-or-later,LICENSES/GPL-2.0-or-later.txt,LICENSING.md
site/dist/reading/files/tools/make_figures.py,project-code,GPL-2.0-or-later,LICENSES/GPL-2.0-or-later.txt,LICENSING.md
site/dist/reading/files/tools/reproduce_metrics.py,project-code,GPL-2.0-or-later,LICENSES/GPL-2.0-or-later.txt,LICENSING.md
site/dist/reading/files/tools/verify_frames.py,project-code,GPL-2.0-or-later,LICENSES/GPL-2.0-or-later.txt,LICENSING.md
site/dist/reading/files/tools/verify_release.py,project-code,GPL-2.0-or-later,LICENSES/GPL-2.0-or-later.txt,LICENSING.md
site/dist/reading/report.html,project-documentation,CC-BY-4.0,LICENSES/CC-BY-4.0.txt,LICENSING.md
site/dist/reading/report.pdf,project-documentation,CC-BY-4.0,LICENSES/CC-BY-4.0.txt,LICENSING.md
site/dist/styles.css,project-code,GPL-2.0-or-later,LICENSES/GPL-2.0-or-later.txt,LICENSING.md
site/generate_figures.py,project-code,GPL-2.0-or-later,LICENSES/GPL-2.0-or-later.txt,LICENSING.md
site/verify.py,project-code,GPL-2.0-or-later,LICENSES/GPL-2.0-or-later.txt,LICENSING.md
src/README.md,project-documentation,CC-BY-4.0,LICENSES/CC-BY-4.0.txt,LICENSING.md
src/device-abi37/BUILD.md,project-documentation,CC-BY-4.0,LICENSES/CC-BY-4.0.txt,LICENSING.md
src/device-abi37/INTEGRATION.md,project-documentation,CC-BY-4.0,LICENSES/CC-BY-4.0.txt,LICENSING.md
src/device-abi37/LICENSES/CC-BY-4.0.txt,verbatim-licence-notices,LicenseRef-Verbatim-Licence-Notices,LICENSING.md,THIRD_PARTY_NOTICES.md
src/device-abi37/LICENSES/COPYING.txt,verbatim-licence-notices,LicenseRef-Verbatim-Licence-Notices,LICENSING.md,THIRD_PARTY_NOTICES.md
src/device-abi37/LICENSES/GPL-2.0-or-later.txt,verbatim-licence-notices,LicenseRef-Verbatim-Licence-Notices,LICENSING.md,THIRD_PARTY_NOTICES.md
src/device-abi37/LICENSES/GPL-2.0.txt,verbatim-licence-notices,LicenseRef-Verbatim-Licence-Notices,LICENSING.md,THIRD_PARTY_NOTICES.md
src/device-abi37/LICENSES/ISC.txt,verbatim-licence-notices,LicenseRef-Verbatim-Licence-Notices,LICENSING.md,THIRD_PARTY_NOTICES.md
src/device-abi37/LICENSES/upstream-sources.json,verbatim-licence-notices,LicenseRef-Verbatim-Licence-Notices,LICENSING.md,THIRD_PARTY_NOTICES.md
src/device-abi37/README.md,project-documentation,CC-BY-4.0,LICENSES/CC-BY-4.0.txt,LICENSING.md
src/device-abi37/RIGHTS.md,project-documentation,CC-BY-4.0,LICENSES/CC-BY-4.0.txt,LICENSING.md
src/device-abi37/SOURCE-AVAILABILITY.md,project-documentation,CC-BY-4.0,LICENSES/CC-BY-4.0.txt,LICENSING.md
src/device-abi37/component-licences.csv,project-documentation,CC-BY-4.0,LICENSES/CC-BY-4.0.txt,LICENSING.md
src/device-abi37/dependencies.json,project-documentation,CC-BY-4.0,LICENSES/CC-BY-4.0.txt,LICENSING.md
src/device-abi37/driver/additions/brcmfmac/diagnostic_driver.inc,project-code,GPL-2.0-or-later,LICENSES/GPL-2.0-or-later.txt,LICENSING.md
src/device-abi37/driver/additions/brcmfmac/diagnostic_types.h,project-code,GPL-2.0-or-later,LICENSES/GPL-2.0-or-later.txt,LICENSING.md
src/device-abi37/driver/additions/brcmfmac/geometry_driver.inc,project-code,GPL-2.0-or-later,LICENSES/GPL-2.0-or-later.txt,LICENSING.md
src/device-abi37/driver/additions/brcmfmac/geometry_types.h,project-code,GPL-2.0-or-later,LICENSES/GPL-2.0-or-later.txt,LICENSING.md
src/device-abi37/driver/additions/brcmfmac/lease_driver.inc,project-code,GPL-2.0-or-later,LICENSES/GPL-2.0-or-later.txt,LICENSING.md
src/device-abi37/driver/additions/brcmfmac/lease_wait.inc,project-code,GPL-2.0-or-later,LICENSES/GPL-2.0-or-later.txt,LICENSING.md
src/device-abi37/driver/additions/brcmfmac/pi5_owned_contract.h,project-code,GPL-2.0-or-later,LICENSES/GPL-2.0-or-later.txt,LICENSING.md
src/device-abi37/driver/additions/brcmfmac/pi5_owned_ram.h,project-code,GPL-2.0-or-later,LICENSES/GPL-2.0-or-later.txt,LICENSING.md
src/device-abi37/driver/additions/brcmfmac/private_collect.inc,project-code,GPL-2.0-or-later,LICENSES/GPL-2.0-or-later.txt,LICENSING.md
src/device-abi37/driver/additions/brcmfmac/proto_gate.inc,project-code,GPL-2.0-or-later,LICENSES/GPL-2.0-or-later.txt,LICENSING.md
src/device-abi37/driver/additions/brcmfmac/stop_driver.inc,project-code,GPL-2.0-or-later,LICENSES/GPL-2.0-or-later.txt,LICENSING.md
src/device-abi37/driver/additions/brcmfmac/wait_match.inc,project-code,GPL-2.0-or-later,LICENSES/GPL-2.0-or-later.txt,LICENSING.md
src/device-abi37/driver/base-Kbuild,kernel-context,GPL-2.0-only AND ISC,LICENSES/GPL-2.0-or-later.txt,src/device/driver/upstream-notices.txt
src/device-abi37/driver/compare_module.py,project-code,GPL-2.0-or-later,LICENSES/GPL-2.0-or-later.txt,LICENSING.md
src/device-abi37/driver/compile-receipt.json,project-documentation,CC-BY-4.0,LICENSES/CC-BY-4.0.txt,LICENSING.md
src/device-abi37/driver/expected-source.json,project-documentation,CC-BY-4.0,LICENSES/CC-BY-4.0.txt,LICENSING.md
src/device-abi37/driver/prepare.py,project-code,GPL-2.0-or-later,LICENSES/GPL-2.0-or-later.txt,LICENSING.md
src/device-abi37/driver/reconstruction-receipt.json,project-documentation,CC-BY-4.0,LICENSES/CC-BY-4.0.txt,LICENSING.md
src/device-abi37/driver/tested-module-sections.json,project-documentation,CC-BY-4.0,LICENSES/CC-BY-4.0.txt,LICENSING.md
src/device-abi37/driver/twin6-linux.patch,kernel-context,GPL-2.0-only AND ISC,LICENSES/GPL-2.0-or-later.txt,src/device/driver/upstream-notices.txt
src/device-abi37/driver/upstream-notices.txt,verbatim-licence-notices,LicenseRef-Verbatim-Licence-Notices,LICENSING.md,THIRD_PARTY_NOTICES.md
src/device-abi37/manifest.json,project-documentation,CC-BY-4.0,LICENSES/CC-BY-4.0.txt,LICENSING.md
src/device-abi37/native/build.py,project-code,GPL-2.0-or-later,LICENSES/GPL-2.0-or-later.txt,LICENSING.md
src/device-abi37/native/rebuild-receipt.json,project-documentation,CC-BY-4.0,LICENSES/CC-BY-4.0.txt,LICENSING.md
src/device-abi37/native/source/average.S,project-code,GPL-2.0-or-later,LICENSES/GPL-2.0-or-later.txt,LICENSING.md
src/device-abi37/native/source/core/coherent_tsf.h,project-code,GPL-2.0-or-later,LICENSES/GPL-2.0-or-later.txt,LICENSING.md
src/device-abi37/native/source/core/hooks.S,project-code,GPL-2.0-or-later,LICENSES/GPL-2.0-or-later.txt,LICENSING.md
src/device-abi37/native/source/core/lease.inc,project-code,GPL-2.0-or-later,LICENSES/GPL-2.0-or-later.txt,LICENSING.md
src/device-abi37/native/source/core/modular.h,project-code,GPL-2.0-or-later,LICENSES/GPL-2.0-or-later.txt,LICENSING.md
src/device-abi37/native/source/core/progress.h,project-code,GPL-2.0-or-later,LICENSES/GPL-2.0-or-later.txt,LICENSING.md
src/device-abi37/native/source/core/reader_common.h,project-code,GPL-2.0-or-later,LICENSES/GPL-2.0-or-later.txt,LICENSING.md
src/device-abi37/native/source/core/ring_config.h,project-code,GPL-2.0-or-later,LICENSES/GPL-2.0-or-later.txt,LICENSING.md
src/device-abi37/native/source/core/sampler.inc,project-code,GPL-2.0-or-later,LICENSES/GPL-2.0-or-later.txt,LICENSING.md
src/device-abi37/native/source/core/speed.S,project-code,GPL-2.0-or-later,LICENSES/GPL-2.0-or-later.txt,LICENSING.md
src/device-abi37/native/source/core/target.c,project-code,GPL-2.0-or-later,LICENSES/GPL-2.0-or-later.txt,LICENSING.md
src/device-abi37/native/source/core/watchdog.inc,project-code,GPL-2.0-or-later,LICENSES/GPL-2.0-or-later.txt,LICENSING.md
src/device-abi37/native/source/patch.ld,project-code,GPL-2.0-or-later,LICENSES/GPL-2.0-or-later.txt,LICENSING.md
src/device-abi37/native/source/phase.c,project-code,GPL-2.0-or-later,LICENSES/GPL-2.0-or-later.txt,LICENSING.md
src/device-abi37/native/source/phase.h,project-code,GPL-2.0-or-later,LICENSES/GPL-2.0-or-later.txt,LICENSING.md
src/device-abi37/native/source/phase_hooks.S,project-code,GPL-2.0-or-later,LICENSES/GPL-2.0-or-later.txt,LICENSING.md
src/device-abi37/requirements-native.txt,project-code,GPL-2.0-or-later,LICENSES/GPL-2.0-or-later.txt,LICENSING.md
src/device/BUILD.md,project-documentation,CC-BY-4.0,LICENSES/CC-BY-4.0.txt,LICENSING.md
src/device/INTEGRATION.md,project-documentation,CC-BY-4.0,LICENSES/CC-BY-4.0.txt,LICENSING.md
src/device/LICENSES/COPYING.txt,verbatim-licence-notices,LicenseRef-Verbatim-Licence-Notices,LICENSING.md,THIRD_PARTY_NOTICES.md
src/device/LICENSES/GPL-2.0.txt,verbatim-licence-notices,LicenseRef-Verbatim-Licence-Notices,LICENSING.md,THIRD_PARTY_NOTICES.md
src/device/LICENSES/ISC.txt,verbatim-licence-notices,LicenseRef-Verbatim-Licence-Notices,LICENSING.md,THIRD_PARTY_NOTICES.md
src/device/LICENSES/upstream-sources.json,verbatim-licence-notices,LicenseRef-Verbatim-Licence-Notices,LICENSING.md,THIRD_PARTY_NOTICES.md
src/device/README.md,project-documentation,CC-BY-4.0,LICENSES/CC-BY-4.0.txt,LICENSING.md
src/device/RIGHTS.md,project-documentation,CC-BY-4.0,LICENSES/CC-BY-4.0.txt,LICENSING.md
src/device/component-rights.csv,project-documentation,CC-BY-4.0,LICENSES/CC-BY-4.0.txt,LICENSING.md
src/device/dependencies.json,project-documentation,CC-BY-4.0,LICENSES/CC-BY-4.0.txt,LICENSING.md
src/device/driver/additions/brcmfmac/diagnostic_driver.inc,project-code,GPL-2.0-or-later,LICENSES/GPL-2.0-or-later.txt,LICENSING.md
src/device/driver/additions/brcmfmac/diagnostic_types.h,project-code,GPL-2.0-or-later,LICENSES/GPL-2.0-or-later.txt,LICENSING.md
src/device/driver/additions/brcmfmac/geometry_driver.inc,project-code,GPL-2.0-or-later,LICENSES/GPL-2.0-or-later.txt,LICENSING.md
src/device/driver/additions/brcmfmac/geometry_types.h,project-code,GPL-2.0-or-later,LICENSES/GPL-2.0-or-later.txt,LICENSING.md
src/device/driver/additions/brcmfmac/lease_driver.inc,project-code,GPL-2.0-or-later,LICENSES/GPL-2.0-or-later.txt,LICENSING.md
src/device/driver/additions/brcmfmac/lease_wait.inc,project-code,GPL-2.0-or-later,LICENSES/GPL-2.0-or-later.txt,LICENSING.md
src/device/driver/additions/brcmfmac/pi5_owned_contract.h,project-code,GPL-2.0-or-later,LICENSES/GPL-2.0-or-later.txt,LICENSING.md
src/device/driver/additions/brcmfmac/pi5_owned_ram.h,project-code,GPL-2.0-or-later,LICENSES/GPL-2.0-or-later.txt,LICENSING.md
src/device/driver/additions/brcmfmac/private_collect.inc,project-code,GPL-2.0-or-later,LICENSES/GPL-2.0-or-later.txt,LICENSING.md
src/device/driver/additions/brcmfmac/proto_gate.inc,project-code,GPL-2.0-or-later,LICENSES/GPL-2.0-or-later.txt,LICENSING.md
src/device/driver/additions/brcmfmac/stop_driver.inc,project-code,GPL-2.0-or-later,LICENSES/GPL-2.0-or-later.txt,LICENSING.md
src/device/driver/additions/brcmfmac/wait_match.inc,project-code,GPL-2.0-or-later,LICENSES/GPL-2.0-or-later.txt,LICENSING.md
src/device/driver/architecture-validation-receipt.json,project-documentation,CC-BY-4.0,LICENSES/CC-BY-4.0.txt,LICENSING.md
src/device/driver/base-Kbuild,kernel-context,GPL-2.0-only AND ISC,LICENSES/GPL-2.0-or-later.txt,src/device/driver/upstream-notices.txt
src/device/driver/compare_module.py,project-code,GPL-2.0-or-later,LICENSES/GPL-2.0-or-later.txt,LICENSING.md
src/device/driver/compile-receipt.json,project-documentation,CC-BY-4.0,LICENSES/CC-BY-4.0.txt,LICENSING.md
src/device/driver/expected-source.json,project-documentation,CC-BY-4.0,LICENSES/CC-BY-4.0.txt,LICENSING.md
src/device/driver/prepare.py,project-code,GPL-2.0-or-later,LICENSES/GPL-2.0-or-later.txt,LICENSING.md
src/device/driver/reconstruction-receipt.json,project-documentation,CC-BY-4.0,LICENSES/CC-BY-4.0.txt,LICENSING.md
src/device/driver/tested-module-sections.json,project-documentation,CC-BY-4.0,LICENSES/CC-BY-4.0.txt,LICENSING.md
src/device/driver/twin6-linux.patch,kernel-context,GPL-2.0-only AND ISC,LICENSES/GPL-2.0-or-later.txt,src/device/driver/upstream-notices.txt
src/device/driver/upstream-notices.txt,verbatim-licence-notices,LicenseRef-Verbatim-Licence-Notices,LICENSING.md,THIRD_PARTY_NOTICES.md
src/device/manifest.json,project-documentation,CC-BY-4.0,LICENSES/CC-BY-4.0.txt,LICENSING.md
src/device/native/build.py,project-code,GPL-2.0-or-later,LICENSES/GPL-2.0-or-later.txt,LICENSING.md
src/device/native/rebuild-receipt.json,project-documentation,CC-BY-4.0,LICENSES/CC-BY-4.0.txt,LICENSING.md
src/device/native/source/average.S,project-code,GPL-2.0-or-later,LICENSES/GPL-2.0-or-later.txt,LICENSING.md
src/device/native/source/core/hooks.S,project-code,GPL-2.0-or-later,LICENSES/GPL-2.0-or-later.txt,LICENSING.md
src/device/native/source/core/lease.inc,project-code,GPL-2.0-or-later,LICENSES/GPL-2.0-or-later.txt,LICENSING.md
src/device/native/source/core/modular.h,project-code,GPL-2.0-or-later,LICENSES/GPL-2.0-or-later.txt,LICENSING.md
src/device/native/source/core/progress.h,project-code,GPL-2.0-or-later,LICENSES/GPL-2.0-or-later.txt,LICENSING.md
src/device/native/source/core/reader_common.h,project-code,GPL-2.0-or-later,LICENSES/GPL-2.0-or-later.txt,LICENSING.md
src/device/native/source/core/ring_config.h,project-code,GPL-2.0-or-later,LICENSES/GPL-2.0-or-later.txt,LICENSING.md
src/device/native/source/core/sampler.inc,project-code,GPL-2.0-or-later,LICENSES/GPL-2.0-or-later.txt,LICENSING.md
src/device/native/source/core/speed.S,project-code,GPL-2.0-or-later,LICENSES/GPL-2.0-or-later.txt,LICENSING.md
src/device/native/source/core/target.c,project-code,GPL-2.0-or-later,LICENSES/GPL-2.0-or-later.txt,LICENSING.md
src/device/native/source/core/watchdog.inc,project-code,GPL-2.0-or-later,LICENSES/GPL-2.0-or-later.txt,LICENSING.md
src/device/native/source/patch.ld,project-code,GPL-2.0-or-later,LICENSES/GPL-2.0-or-later.txt,LICENSING.md
src/device/native/source/phase.c,project-code,GPL-2.0-or-later,LICENSES/GPL-2.0-or-later.txt,LICENSING.md
src/device/native/source/phase.h,project-code,GPL-2.0-or-later,LICENSES/GPL-2.0-or-later.txt,LICENSING.md
src/device/native/source/phase_hooks.S,project-code,GPL-2.0-or-later,LICENSES/GPL-2.0-or-later.txt,LICENSING.md
src/device/requirements-native.txt,project-code,GPL-2.0-or-later,LICENSES/GPL-2.0-or-later.txt,LICENSING.md
src/device/verify.py,project-code,GPL-2.0-or-later,LICENSES/GPL-2.0-or-later.txt,LICENSING.md
src/rf_step0/README.md,project-documentation,CC-BY-4.0,LICENSES/CC-BY-4.0.txt,LICENSING.md
src/rf_step0/decisions.py,project-code,GPL-2.0-or-later,LICENSES/GPL-2.0-or-later.txt,LICENSING.md
src/rf_step0/method.py,project-code,GPL-2.0-or-later,LICENSES/GPL-2.0-or-later.txt,LICENSING.md
src/rf_step0/requirements.txt,project-code,GPL-2.0-or-later,LICENSES/GPL-2.0-or-later.txt,LICENSING.md
tests/test_finalise.py,project-code,GPL-2.0-or-later,LICENSES/GPL-2.0-or-later.txt,LICENSING.md
tests/test_metrics.py,project-code,GPL-2.0-or-later,LICENSES/GPL-2.0-or-later.txt,LICENSING.md
tests/test_module_compare.py,project-code,GPL-2.0-or-later,LICENSES/GPL-2.0-or-later.txt,LICENSING.md
tests/test_native_contract.py,project-code,GPL-2.0-or-later,LICENSES/GPL-2.0-or-later.txt,LICENSING.md
tests/test_protocol.py,project-code,GPL-2.0-or-later,LICENSES/GPL-2.0-or-later.txt,LICENSING.md
tests/test_release.py,project-code,GPL-2.0-or-later,LICENSES/GPL-2.0-or-later.txt,LICENSING.md
tests/test_report_metadata.py,project-code,GPL-2.0-or-later,LICENSES/GPL-2.0-or-later.txt,LICENSING.md
tests/test_rf_decisions.py,project-code,GPL-2.0-or-later,LICENSES/GPL-2.0-or-later.txt,LICENSING.md
tools/build_report.py,project-code,GPL-2.0-or-later,LICENSES/GPL-2.0-or-later.txt,LICENSING.md
tools/finalise_release.py,project-code,GPL-2.0-or-later,LICENSES/GPL-2.0-or-later.txt,LICENSING.md
tools/frame_protocol.py,project-code,GPL-2.0-or-later,LICENSES/GPL-2.0-or-later.txt,LICENSING.md
tools/make_figures.py,project-code,GPL-2.0-or-later,LICENSES/GPL-2.0-or-later.txt,LICENSING.md
tools/reproduce_metrics.py,project-code,GPL-2.0-or-later,LICENSES/GPL-2.0-or-later.txt,LICENSING.md
tools/verify_frames.py,project-code,GPL-2.0-or-later,LICENSES/GPL-2.0-or-later.txt,LICENSING.md
tools/verify_release.py,project-code,GPL-2.0-or-later,LICENSES/GPL-2.0-or-later.txt,LICENSING.md
