run_id,experiment_date,profile,frames,words,host_receipt_span_ns,nominal_output_words_per_second,channel,image_sha256,source_audit_sha256
private-long-b,2026-10-04,selected_stride16,368640,377487360,301990723487,1250000,40,69cef337c50de6a2ccef6a7402c919c74b3fed973b14bf19996a8f52fc515b4e,9e7d60551956b5e3f50e19dd2a6a90944de8edc10040cecddf26b1ce7f179201
sixstream-c,2026-10-05,six_input_stride16,244160,250019840,300023884130,833333.3333333334,40,07ab31ff7cd78a682f493ece9e3923d58a1d1a9dbf288d31c48cc89eface2dac,d0698128ae264d468a92caa0bc35c213df2183b86c91fba4b7f0e0aa7803506a
lease-c,2026-10-04,selected_stride16,73728,75497472,60397535486,1250000,40,69cef337c50de6a2ccef6a7402c919c74b3fed973b14bf19996a8f52fc515b4e,a3e6dbed9dcdd092febf6051c431b1dc328f0fccaf60fcd878e17f22d4a83795
sparse-a,2026-10-05,sparse_four_stride16,2048,2097152,2515536915,833333.3333333334,1,fa5580c38ca327a33df0f991a0adad921579a752391f6341eea2337e5f7d0911,61548de436125060cef633f6c956c0901c8ab83773084b6872fdcaa9f21032ad
sparse32-a,2026-10-05,sparse_four_stride16_32slots,244160,250019840,300024784325,833333.3333333334,1,e9c4579ecc8765178b3d744fe1c929ff103cb42aeacba5f6d90c87941a5be68d,6dc31f940d3cce41e60ca55d00ba522e6fca4c5342e0e105378d5f9e23f41a48
twin6-five-a,2026-10-05,twin6_stride16_32slots,244160,250019840,300025637336,833333.3333333334,1,b4b1196c961533ac42b9604c945f3932097dfba80347857e431c03a5c6759f20,627b49cb017f26a5f24f50985f7f4a6b69602124a2f762102cce5b7e51ab3fc5
twin6-live-rf-a,2026-10-05,twin6_stride16_32slots_source_marked,244160,250019840,300025167594,833333.3333333334,1,b4b1196c961533ac42b9604c945f3932097dfba80347857e431c03a5c6759f20,9f7e57b96733d574922deece8f02acabd2b55e750f69aa99cf8f4affc1223c20
twin6-step0-demo-a,2026-10-05,twin6_stride16_32slots_STEP0,244160,250019840,300025188989,833333.3333333334,1,b4b1196c961533ac42b9604c945f3932097dfba80347857e431c03a5c6759f20,0b4778ea6b828a454b91a41501b5fc8a1c68fe217b80380101c93546862e8a68
twin6-ten-a,2026-10-06,twin6_stride16_32slots_passive,488320,500039680,600051726406,833333.3333333334,1,b4b1196c961533ac42b9604c945f3932097dfba80347857e431c03a5c6759f20,e5b999b0fd2816cd5b64eb56e8b5bc059c1f9280f7e1f99a7c45bb6c208cb70b
twin6-tsf-hour-a,2026-10-06,twin6_stride16_32slots_passive,2929920,3000238080,3600316538804,833333.3333333334,1,58a9740679366ddb1007bf79abe983aca4d4ad9458c841af33091052e163b62e,39ad0cf7b50f738003f88a2eb9ef39442cb9315846adf8e2d72cb697f7c1e557
